{
    "PB0101":"Điện Lực Đồng Xoài",
    "PB0109":"Điện Lực Đồng Phú",
    "PB0201":"Điện Lực Phan Thiết",
    "PB0202":"Điện Lực Tuy Phong",
    "PB0203":"Điện Lực Đức Linh",
    "PB0205":"Điện Lực Hàm Tân",
    "PB0206":"Điện Lực Phú Quý",
    "PB0207":"Điện Lực Hàm Thuận Bắc",
    "PB0301":"Điện Lực Đà Lạt",
    "PB0302":"Điện Lực Bảo Lộc",
    "PB0303":"Điện Lực Đơn Dương",
    "PB0304":"Điện Lực Di Linh",
    "PB0305":"Điện Lực Đức Trọng",
    "PB0306":"Điện Lực Lâm Hà",
    "PB0307":"Điện Lực Đạ Huoai",
    "PB0308":"Điện Lực Đạ Tẻh",
    "PB0309":"Điện Lực Cát Tiên",
    "PB0310":"Điện Lực Bảo Lâm",
    "PB0311":"Điện Lực Lạc Dương",
    "PB0312":"Điện Lực Đam Rông",
    "PB0401":"Điện Lực Thủ Dầu Một",
    "PB0402":"Điện Lực Dĩ An",
    "PB0403":"Điện Lực Thuận An",
    "PB0404":"Điện Lực Bến Cát",
    "PB0405":"Điện Lực Dầu Tiếng",
    "PB0406":"Điện Lực Tân Uyên",
    "PB0407":"Điện Lực Phú Giáo",
    "PB0408":"Điện Lực Trung Tâm",
    "PB0501":"Điện Lực Tây Ninh",
    "PB0502":"Điện Lực Gò Dầu",
    "PB0503":"Điện Lực Trảng Bàng",
    "PB0504":"Điện Lực Tân Châu",
    "PB0505":"Điện Lực Châu Thành",
    "PB0506":"Điện Lực Dương Minh Châu",
    "PB0507":"Điện Lực Tân Biên",
    "PB0508":"Điện Lực Hoà Thành",
    "PB0509":"Điện Lực Bến Cầu",
    "PB0601":"Điện Lực Tân An",
    "PB0603":"Điện Lực Đức Hòa",
    "PB0604":"Điện Lực Cần Guộc",
    "PB0605":"Điện Lực Mộc Hóa",
    "PB0606":"Điện Lực Bến Lức",
    "PB0607":"Điện Lực Cần Đước",
    "PB0701":"Điện Lực Cao Lãnh",
    "PB0702":"Điện Lực Sa Đéc",
    "PB0703":"Điện Lực Châu Thành",
    "PB0704":"Điện Lực Lai Vung",
    "PB0705":"Điện Lực Hồng Ngự",
    "PB0706":"Điện Lực Tân Hồng",
    "PB0707":"Điện Lực Tháp Mười",
    "PB0708":"Điện Lực Cao Lãnh",
    "PB0709":"Điện Lực Lấp Vò",
    "PB0710":"Điện Lực Thanh Bình",
    "PB0711":"Điện Lực Tam Nông",
    "PB0712":"Điện Lực Hồng Ngự",
    "PB0801":"Điện Lực Mỹ Tho",
    "PB0802":"Điện Lực Gò Công Đông",
    "PB0803":"Điện Lực Gò Công",
    "PB0804":"Điện Lực Gò Công Tây",
    "PB0805":"Điện Lực Cai Lậy",
    "PB0901":"Điện Lực Bến Tre",
    "PB0906":"Điện Lực Châu Thành",
    "PB1001":"Điện Lực Vĩnh Long",
    "PB1002":"Điện Lực Trà Ôn",
    "PB1003":"Điện Lực Tam Bình",
    "PB1004":"Điện Lực Bình Minh",
    "PB1008":"Điện Lực Bình Tân",
    "PB1101":"Điện Lực Ninh Kiều",
    "PB1102":"Điện Lực Cái Răng",
    "PB1103":"Điện Lực Ô Môn",
    "PB1104":"Điện Lực Thốt Nốt",
    "PB1105":"Điện Lực Bình Thủy",
    "PB1201":"Điện Lực Long Xuyên",
    "PB1202":"Điện Lực Châu Thành",
    "PB1203":"Điện Lực Chợ Mới",
    "PB1204":"Điện Lực Châu Đốc",
    "PB1205":"Điện Lực Tân Châu",
    "PB1207":"Điện Lực Châu Phú",
    "PB1208":"Điện Lực Phú Tân",
    "PB1210":"Điện Lực Tịnh Biên",
    "PB1301":"Điện Lực Rạch Giá",
    "PB1302":"Điện Lực Châu Thành",
    "PB1303":"Điện Lực Tân Hiệp",
    "PB1304":"Điện Lực Hà Tiên",
    "PB1307":"Điện Lực Phú Quốc",
    "PB1310":"Điện Lực Giồng Riềng",
    "PB1312":"Điện Lực Kiên Lương",
    "PB1401":"Điện Lực Cà Mau",
    "PB1402":"Điện Lực Cái Nước",
    "PB1403":"Điện Lực Năm Căn",
    "PB1404":"Điện Lực Trần Văn Thời",
    "PB1405":"Điện Lực U Minh",
    "PB1406":"Điện Lực Đầm Dơi",
    "PB1407":"Đội QLKV Tắc Vân",
    "PB1408":"Điện Lực Thới Bình",
    "PB1409":"Điện Lực Phú Tân",
    "PB1410":"Điện Lực Ngọc Hiển",
    "PB1501":"Điện Lực Vũng tàu",
    "PB1502":"Điện Lực Bà Rịa",
    "PB1504":"Điện Lực Tân Thành",
    "PB1507":"Điện Lực Đất Đỏ",
    "PB1601":"Điện Lực Trà Vinh",
    "PB1605":"Điện Lực Tiểu Cần",
    "PB1607":"Điện Lực Càng Long",
    "PB1701":"Điện Lực Sóc Trăng",
    "PB1702":"Điện Lực Mỹ Xuyên",
    "PB1703":"Điện Lực Mỹ Tú",
    "PB1704":"Điện Lực Cù Lao Dung",
    "PB1705":"Điện Lực Vĩnh Châu",
    "PB1706":"Điện Lực Thạnh Trị",
    "PB1707":"Điện Lực Kế Sách",
    "PB1708":"Điện Lực Long Phú",
    "PB1709":"Điện Lực Ngã Năm",
    "PB1710":"Điện Lực Châu Thành",
    "PB1711":"Điện Lực Trần Đề",
    "PB1801":"Điện Lực Phan Rang Tháp Chàm",
    "PB1802":"Điện Lực Ninh Hải",
    "PB1803":"Điện Lực Ninh Sơn",
    "PB1804":"Điện Lực Ninh phước",
    "PB1805":"Điện Lực Thuận Bắc",
    "PB1901":"Điện Lực Bạc Liêu",
    "PB1902":"Điện Lực Giá Rai",
    "PB1904":"Điện Lực Phước Long",
    "PK0100":"Điện Lực Biên Hoà",
    "PK0200":"Điện Lực Thống Nhất",
    "PK0300":"Điện Lực Trị An",
    "PK0400":"Điện Lực Long Khánh",
    "PK0500":"Điện Lực Xuân Lộc",
    "PK0600":"Điện Lực Định Quán",
    "PK0700":"Điện Lực Long Thành",
    "PK0800":"Điện Lực Nhơn Trạch",
    "PK0900":"Điện Lực Cẩm Mỹ",
    

    "PE0100":"Điện Lực Sài Gòn",
    "PE0300":"Điện Lực Chợ Lớn",
    "PE0500":"Điện Lực Tân Thuận",
    "PE0400":"Điện Lực Gia Định",
    "PE1400":"Điện Lực Tân Bình",
    "PE1000":"Điện Lực Thủ Đức",
    "PE1200":"Điện Lực Thủ Thiêm",
    "PE0700":"Điện Lực Tân Phú",
    "PE0200":"Điện Lực Phú Thọ",
    "PE1300":"Điện Lực Gò Vấp",
    "PE1600":"Điện Lực An Phú Đông",
    "PE0800":"Điện Lực Hóc Môn",
    "PE1900":"Điện Lực Củ Chi",
    "PE1500":"Điện Lực Bình Chánh",
    "PE1100":"Điện Lực Duyên Hải",
    "PE0600":"Điện Lực Bình Phú",
    

    "PA01HH":"Điện Lực Hải Hậu",
    "PA01ND":"Điện Lực Nam Định",
    "PA01YY":"Điện Lực Ý Yên",
    "PA02CK":"Điện Lực Cẩm Khê",
    "PA02DH":"Điện Lực Đoan Hùng",
    "PA02HH":"Điện Lực Hạ Hoà",
    "PA02LT":"Điện Lực Lâm Thao",
    "PA02PN":"Điện Lực Phù Ninh",
    "PA02PT":"Điện Lực Phú Thọ",
    "PA02TA":"Điện Lực Tân Sơn",
    "PA02TB":"Điện Lực Thanh ba",
    "PA02TN":"Điện Lực Tam Nông",
    "PA02TS":"Điện Lực Thanh Sơn",
    "PA02TT":"Điện Lực Thanh Thuỷ",
    "PA02VT":"Điện Lực Việt Trì",
    "PA02YL":"Điện Lực Yên Lập",
    "PA03BY":"Điện Lực Bãi Cháy",
    "PA03CP":"Điện Lực Cẩm Phả",
    "PA03CT":"Điện Lực Co To",
    "PA03DH":"Điện Lực Đầm Hà",
    "PA03DT":"Điện Lực Đông Triều",
    "PA03HH":"Điện Lực Hải Hà",
    "PA03HL":"Điện Lực Hạ Long",
    "PA03MC":"Điện Lực Móng Cái",
    "PA03TY":"Điện Lực Tiên Yên",
    "PA03UB":"Điện Lực Uông Bí",
    "PA04PY":"Điện Lực Phổ Yên",
    "PA04":"Điện Lực Thái Nguyên (Gang thép TN)",
    "PA04GT":"Điện Lực Thái Nguyên (Gang thép TN)",
    "PA0501":"Điện Lực Lạng Giang",
    "PA0502":"Điện Lực Việt Yên",
    "PA0503":"Điện Lực Yên Thế",
    "PA0504":"Điện Lực Tân Yên",
    "PA0505":"Điện Lực Bắc Giang",
    "PA0506":"Điện Lực Yên Dũng",
    "PA0507":"Điện Lực Lục Ngạn",
    "PA0508":"Điện Lực Hiệp Hoà",
    "PA0509":"Điện Lực Lục Nam",
    "PA0510":"Điện Lực Sơn Động",
    "PA07TG":"Điện Lực Tĩnh Gia",
    "PA07":"Điện Lực Thanh Hoá",
    "PA07YD":"Điện Lực Yên Định",
    "PA0901":"Điện Lực Thái Bình",
    "PA0902":"Điện Lực Vư Thư",
    "PA0903":"Điện Lực Tiền Hải",
    "PA0904":"Điện Lực Kiến Xương",
    "PA0905":"Điện Lực Đông Hưng",
    "PA0906":"Điện Lực Hưng Hà",
    "PA0907":"Điện Lực Quỳnh Phụ",
    "PA0908":"Điện Lực Thái Thụy",
    "PA11BG":"Điện Lực Bình Gia",
    "PA11BS":"Điện Lực Bắc Sơn",
    "PA11CG":"Điện Lực Chi Lăng",
    "PA11CL":"Điện Lực Cao Lộc",
    "PA11DL":"Điện Lực Đình Lập",
    "PA11HL":"Điện Lực Hữu Lũng",
    "PA11LB":"Điện Lực Lộc Bình",
    "PA11TD":"Điện Lực Tràng Định",
    "PA11TX":"Điện Lực Lạng Sơn",
    "PA11VL":"Điện Lực Văn Lãng",
    "PA11VQ":"Điện Lực Văn Quan",
    "PA12SD":"Điện Lực Sơn Dương",
    "PA12TX":"Điện Lực Tuyên Quang",
    "PA12YS":"Điện Lực Yên Sơn",
    "PA13CL":"Điện Lực Cửa Lò",
    "PA13DY":"Điện Lực Diễn Châu",
    "PA13NH":"Điện Lực Hưng Nguyên",
    "PA13NL":"Điện Lực Nghi Lộc",
    "PA13VH":"Điện Lực Thành phố Vinh",
    "PA16CL":"Điện Lực Can Lộc",
    "PA16CX":"Điện Lực Cẩm Xuyên",
    "PA16HT":"Điện Lực Hà Tĩnh",
    "PA16KA":"Điện Lực Kỳ Anh",
    "PA16LH":"Điện Lực Lộc Hà",
    "PA16TH":"Điện Lực Thạch Hà",
    "PA18CD":"Điện Lực Cam Đường",
    "PA18LC":"Điện Lực Lào Cai",
    "PA2201":"Điện Lực Bắc Ninh",
    "PA2202":"Điện Lực Gia Bình",
    "PA2203":"Điện Lực Quế Võ",
    "PA2204":"Điện Lực Thuận Thành",
    "PA2205":"Điện Lực Từ Sơn",
    "PA2206":"Điện Lực Yên Phong",
    "PA2207":"Điện Lực Tiên Du",
    "PA23AT":"Điện Lực Ân Thi",
    "PA23HY":"Điện Lực Hưng Yên",
    "PA23KC":"Điện Lực Khoái Châu",
    "PA23KD":"Điện Lực Kim Động",
    "PA23MV":"Điện Lực Mỹ Hào",
    "PA23PT":"Điện Lực Phù Tiên",
    "PA23VG":"Điện Lực Văn Giang",
    "PA23VL":"Điện Lực Văn Lâm",
    "PA23YM":"Điện Lực Yên Mỹ",
    "PA24BM":"Điện Lực Bình Lục",
    "PA24DV":"Điện Lực Duy Tiên",
    "PA24HN":"Điện Lực Phủ Lý",
    "PA24KB":"Điện Lực Kim Bảng",
    "PA24LN":"Điện Lực Lý Nhân",
    "PA24TL":"Điện Lực Thanh Liêm",
    "PA25BX":"Điện Lực Bình Xuyên",
    "PA25PY":"Điện Lực Phúc Yên",
    "PA25VY":"Điện Lực Vĩnh Yên",
    "PA25YL":"Điện Lực Yên Lạc",
    "PM0100":"Điện Lực Hải Dương",
    "PM0300":"Điện Lực Chí Linh",
    "PM0500":"Điện Lực Nam Sách",
    "PM0700":"Điện Lực Thanh Hà",
    "PM0900":"Điện Lực Kinh Môn",
    "PM1100":"Điện Lực Kim Thành",
    "PM1300":"Điện Lực Gia Lộc",
    "PM1500":"Điện Lực Tứ Kỳ",
    "PM1700":"Điện Lực Cẩm Giàng",
    "PM1900":"Điện Lực Bình Giang",
    "PM2100":"Điện Lực Thanh Miên",
    "PM2300":"Điện Lực Ninh Giang",
    "PNGV00":"Điện Lực Gia Viễn",
    "PNHL00":"Điện Lực Hoa Lư",
    "PNKD00":"Phòng Kinh doanh Ninh Bình",
    "PNKS00":"Điện Lực Kim Sơn",
    "PNNB00":"Điện Lực Ninh Bình",
    "PNNQ00":"Điện Lực Nho Quan",
    "PNTD00":"Điện Lực Tam Điệp",
    "PNYK00":"Điện Lực Yên Khánh",
    "PNYM00":"Điện Lực Yên Mô",
    

    "PD01":"Điện Lực Hoàn Kiếm",
    "PD02":"Điện Lực Hai Bà Trưng",
    "PD03":"Điện Lực Ba Đình",
    "PD04":"Điện Lực Đống Đa",
    "PD30":"Điện Lực Bắc Từ Liêm",
    "PD05":"Điện Lực Nam Từ Liêm",
    "PD06":"Điện Lực Thanh Trì",
    "PD07":"Điện Lực Gia Lâm",
    "PD08":"Điện Lực Đông Anh",
    "PD09":"Điện Lực Sóc Sơn",
    "PD10":"Điện Lực Tây Hồ",
    "PD11":"Điện Lực Thanh xuân",
    "PD12":"Điện Lực Cầu Giấy",
    "PD13":"Điện Lực Hoàng Mai",
    "PD14":"Điện Lực Long Biên",
    "PD15":"Điện Lực Mê Linh",
    "PD16":"Điện Lực Hà Đông",
    "PD17":"Điện Lực Sơn Tây",
    "PD18":"Điện Lực Chương Mỹ",
    "PD19":"Điện Lực Thạch Thất",
    "PD20":"Điện Lực Thường Tín",
    "PD21":"Điện Lực Ba Vì",
    "PD22":"Điện Lực Đan Phượng",
    "PD23":"Điện Lực Hoài Đức",
    "PD24":"Điện Lực Mỹ Đức",
    "PD25":"Điện Lực Phú Xuyên",
    "PD26":"Điện Lực Phúc Thọ",
    "PD27":"Điện Lực Quốc Oai",
    "PD28":"Điện Lực Thanh Oai",
    "PD29":"Điện Lực Ứng Hoà",
    

    "PC01AA":"Điện Lực Đồng Hới",
    "PC01BB":"Điện Lực Quảng Trạch",
    "PC01CC":"Điện Lực Quảng Ninh",
    "PC01DD":"Điện Lực Bố Trạch",
    "PC01FF":"Điện Lực Lệ Thuỷ",
    "PC02AA":"Điện Lực Đông Hà",
    "PC02BB":"Điện Lực Thành Cổ",
    "PC02CC":"Điện Lực Gio Linh",
    "PC02DD":"Điện Lực Vĩnh Linh",
    "PC02EE":"Điện Lực Bán điện Lào",
    "PC02FF":"Điện Lực Khe Sanh",
    "PC02GG":"Điện Lực Cam Lộ",
    "PC02HH":"Điện Lực Triệu Phong",
    "PC02KK":"Điện Lực Hải Lăng",
    "PC02LL":"Điện Lực ĐaKrông",
    "PC03AA":"Điện Lực Nam S Hương",
    "PC03BB":"Điện Lực Bắc S Hương",
    "PC03CC":"Điện Lực Phong Điền",
    "PC03DD":"Điện Lực Phú Vang",
    "PC03FF":"Điện Lực Nam Đông",
    "PC03PP":"Điện Lực Hương Thủy",
    "PC03TT":"Điện Lực Hương Trà",
    "PP0100":"Điện Lực Hải Châu",
    "PP0300":"Điện Lực Liên ChIểu",
    "PP0500":"Điện Lực Sơn Trà",
    "PP0700":"Điện Lực Cẩm Lệ",
    "PP0900":"Điện Lực Thanh Khê",
    "PC05BB":"Điện Lực Núi Thành",
    "PC05CC":"Điện Lực Hội An",
    "PC05DD":"Điện Lực Duy Xuyên",
    "PC05FF":"Điện Lực Thăng Bình",
    "PC05II":"Điện Lực Điện Bàn",
    "PC05MM":"Điện Lực Quế Sơn",
    "PC06AA":"Điện Lực Quảng Ngãi",
    "PC06BB":"Điện Lực Bình Sơn",
    "PC06DD":"Điện Lực Đức Phổ",
    "PC06EE":"Điện Lực Tư Nghĩa",
    "PC06MM":"Điện Lực Mộ Đức",
    "PC06NN":"Điện Lực Nghĩa Hành",
    "PC07AA":"Điện Lực Quy Nhơn",
    "PC07BB":"Điện Lực An Nhơn",
    "PC07CC":"Điện Lực Bồng Sơn",
    "PC07DD":"Điện Lực Phú Phong",
    "PC07EE":"Điện Lực Phù Mỹ",
    "PC07FF":"Điện Lực Phú Tài",
    "PC07GG":"Điện Lực Phù Cát",
    "PC07HH":"Điện Lực Tuy Phước",
    "PC07II":"Điện Lực Hoài Ân",
    "PC08AA":"Điện Lực Tuy Hoà",
    "PC08BB":"Điện Lực Sông Cầu",
    "PC08CC":"Điện Lực Đông Hòa",
    "PC08DD":"Điện Lực Sơn Hòa",
    "PC08EE":"Điện Lực Tuy An",
    "PC08FF":"Điện Lực Sông Hinh",
    "PC08GG":"Điện Lực Đồng Xuân",
    "PC08HH":"Điện Lực Phú Hòa",
    "PC08II":"Điện Lực Tây Hoà",
    "PQ0100":"Phòng Kinh doanh Khánh Hòa",
    "PQ0200":"Điện Lực Trung Tâm Nha Trang",
    "PQ0300":"Điện Lực Cam Ranh - Khánh Sơn",
    "PQ0400":"Điện Lực Ninh Hòa",
    "PQ0500":"Điện Lực Diên Khánh - Khánh Vĩnh",
    "PQ0600":"Điện Lực Vạn Ninh",
    "PQ0700":"Trạm điện Khánh Sơn",
    "PQ0800":"Trạm điện Khánh Vĩnh",
    "PQ0900":"Điện Lực Vĩnh Hải",
    "PQ1000":"Điện Lực Vĩnh Nguyên",
    "PQ1100":"Điện Lực Cam Lâm",
    "PC10AA":"Điện Lực Pleiku",
    "PC10BB":"Điện Lực An Khê",
    "PC10CC":"Điện Lực Ayunpa",
    "PC10DD":"Điện Lực KrôngPa",
    "PC10EE":"Điện Lực Chư Sê",
    "PC10FF":"Điện Lực KBang",
    "PC10GG":"Điện Lực Đức cơ",
    "PC10HH":"Điện Lực Đak Đoa",
    "PC10II":"Điện Lực Chư Păh",
    "PC10KK":"Điện Lực IaGrai",
    "PC10LL":"Điện Lực Kông Chro",
    "PC10MM":"Điện Lực Mang Yang",
    "PC10NN":"Điện Lực Chư Prông",
    "PC10OO":"Điện Lực Phú Thiện",
    "PC10PP":"Điện Lực Chư Pưh",
    "PC11AA":"Điện Lực Kon Tum",
    "PC11BB":"Điện Lực Kon Rẫy",
    "PC11CC":"Điện Lực Đăk Tô",
    "PC11DD":"Điện Lực Đăk Hà",
    "PC11EE":"Điện Lực Sa Thầy",
    "PC11FF":"Điện Lực Ngọc Hồi",
    "PC11GG":"Điện Lực Đăk Glei",
    "PC12AA":"Điện Lực Bắc Buôn Ma Thuột",
    "PC12BB":"Điện Lực Krông Păc",
    "PC12CC":"Điện Lực Nam Buôn Ma Thuột",
    "PC12DD":"Điện Lực Buôn Hồ",
    "PC12EE":"Điện Lực Buôn Đôn",
    "PC12GG":"Điện Lực CưMgar",
    "PC12HH":"Điện Lực Cư Kuin",
    "PC12II":"Điện Lực EaHLeo",
    "PC12JJ":"Điện Lực Krông Năng",
    "PC12KK":"Điện Lực Eakar",
    "PC12LL":"Điện Lực Krông Ana",
    "PC12MM":"Điện Lực EaSúp",
    "PC12NN":"Điện Lực Krông Bông",
    "PC12PP":"Điện Lực Lăk",
    "PC12QQ":"Điện Lực Mdrăk",
    "PC13BB":"Điện Lực ĐắkR'Lấp",
    "PC13CC":"Điện Lực Cư Jút",
    "PC13DD":"Điện Lực Đắk Mil",
    "PC13EE":"Điện Lực Krông Nô",
    "PC13FF":"Điện Lực Gia Nghĩa",
    "PC13GG":"Điện Lực Đắk GLong",
    "PC13HH":"Điện Lực Đăk Song",
    "PC13II":"Điện Lực Tuy Đức"
}